,isim,yıl,süre,kategori,oy
0,Zack Snyder's Justice League,2021,242,"Action, Adventure, Fantasy            ",8.1
1,The Father,2020,97,Drama            ,8.3
2,Sound of Metal,2019,120,"Drama, Music            ",7.8
3,Sleepers,1996,147,"Crime, Drama, Thriller            ",7.6
4,Avengers: Endgame,2019,181,"Action, Adventure, Drama            ",8.4
5,The Trial of the Chicago 7,2020,129,"Drama, History, Thriller            ",7.8
6,The Godfather,1972,175,"Crime, Drama            ",9.2
7,Druk,2020,117,"Comedy, Drama            ",7.8
8,Saving Private Ryan,1998,169,"Drama, War            ",8.6
9,Harry Potter and the Deathly Hallows: Part 2,2011,130,"Adventure, Drama, Fantasy            ",8.1
10,Soul,2020,100,"Animation, Adventure, Comedy            ",8.1
11,Once Upon a Time... in Hollywood,2019,161,"Comedy, Drama            ",7.6
12,The Shawshank Redemption,1994,142,Drama            ,9.3
13,Gisaengchung,2019,132,"Comedy, Drama, Thriller            ",8.6
14,The Dark Knight,2008,152,"Action, Crime, Drama            ",9.0
15,Harry Potter and the Sorcerer's Stone,2001,152,"Adventure, Family, Fantasy            ",7.6
16,Titanic,1997,194,"Drama, Romance            ",7.8
17,Knives Out,2019,130,"Comedy, Crime, Drama            ",7.9
18,Joker,2019,122,"Crime, Drama, Thriller            ",8.4
19,Avengers: Infinity War,2018,149,"Action, Adventure, Sci-Fi            ",8.4
20,Harry Potter and the Half-Blood Prince,2009,153,"Action, Adventure, Family            ",7.6
21,The Wolf of Wall Street,2013,180,"Biography, Crime, Drama            ",8.2
22,Pulp Fiction,1994,154,"Crime, Drama            ",8.9
23,The Lord of the Rings: The Fellowship of the Ring,2001,178,"Action, Adventure, Drama            ",8.8
24,Blade Runner 2049,2017,164,"Action, Drama, Mystery            ",8.0
25,Interstellar,2014,169,"Adventure, Drama, Sci-Fi            ",8.6
26,Inglourious Basterds,2009,153,"Adventure, Drama, War            ",8.3
27,The Gentlemen,2019,113,"Action, Comedy, Crime            ",7.8
28,A Star Is Born,2018,136,"Drama, Music, Romance            ",7.6
29,Inception,2010,148,"Action, Adventure, Sci-Fi            ",8.8
30,Thor: Ragnarok,2017,130,"Action, Adventure, Comedy            ",7.9
31,Captain America: Civil War,2016,147,"Action, Adventure, Sci-Fi            ",7.8
32,Guardians of the Galaxy,2014,121,"Action, Adventure, Comedy            ",8.0
33,Captain America: The Winter Soldier,2014,136,"Action, Adventure, Sci-Fi            ",7.7
34,The Game,1997,129,"Drama, Mystery, Thriller            ",7.8
35,Watchmen,2009,162,"Action, Drama, Mystery            ",7.6
36,Bohemian Rhapsody,2018,134,"Biography, Drama, Music            ",8.0
37,The Goonies,1985,114,"Adventure, Comedy, Family            ",7.8
38,Jojo Rabbit,2019,108,"Comedy, Drama, War            ",7.9
39,Alien,1979,117,"Horror, Sci-Fi            ",8.4
40,Dazed and Confused,1993,102,Comedy            ,7.6
41,Back to the Future,1985,116,"Adventure, Comedy, Sci-Fi            ",8.5
42,Shutter Island,2010,138,"Mystery, Thriller            ",8.2
43,The Silence of the Lambs,1991,118,"Crime, Drama, Thriller            ",8.6
44,Deadpool 2,2018,119,"Action, Adventure, Comedy            ",7.7
45,The Godfather: Part II,1974,202,"Crime, Drama            ",9.0
46,The Matrix,1999,136,"Action, Sci-Fi            ",8.7
47,Forrest Gump,1994,142,"Drama, Romance            ",8.8
48,Gone Girl,2014,149,"Drama, Mystery, Thriller            ",8.1
49,The Avengers,2012,143,"Action, Adventure, Sci-Fi            ",8.0
50,Fargo,1996,98,"Crime, Drama, Thriller            ",8.1
51,Pride & Prejudice,2005,129,"Drama, Romance            ",7.8
52,Schindler's List,1993,195,"Biography, Drama, History            ",8.9
53,Guardians of the Galaxy Vol. 2,2017,136,"Action, Adventure, Comedy            ",7.6
54,The Green Mile,1999,189,"Crime, Drama, Fantasy            ",8.6
55,Skyfall,2012,143,"Action, Adventure, Thriller            ",7.8
56,1917,2019,119,"Drama, Thriller, War            ",8.3
57,Fight Club,1999,139,Drama            ,8.8
58,Harry Potter and the Deathly Hallows: Part 1,2010,146,"Adventure, Family, Fantasy            ",7.7
59,Gladiator,2000,155,"Action, Adventure, Drama            ",8.5
60,Apocalypse Now,1979,147,"Drama, Mystery, War            ",8.4
61,Goodfellas,1990,146,"Biography, Crime, Drama            ",8.7
62,The Last Picture Show,1971,118,"Drama, Romance            ",8.0
63,The Departed,2006,151,"Crime, Drama, Thriller            ",8.5
64,No Country for Old Men,2007,122,"Crime, Drama, Thriller            ",8.1
65,Deadpool,2016,108,"Action, Adventure, Comedy            ",8.0
66,The Prestige,2006,130,"Drama, Mystery, Sci-Fi            ",8.5
67,Django Unchained,2012,165,"Drama, Western            ",8.4
68,Iron Man,2008,126,"Action, Adventure, Sci-Fi            ",7.9
69,The Dark Knight Rises,2012,164,"Action, Adventure            ",8.4
70,Green Book,2018,130,"Biography, Comedy, Drama            ",8.2
71,Avatar,2009,162,"Action, Adventure, Fantasy            ",7.8
72,American Psycho,2000,101,"Comedy, Crime, Drama            ",7.6
73,Little Women,2019,135,"Drama, Romance            ",7.8
74,Jurassic Park,1993,127,"Action, Adventure, Sci-Fi            ",8.1
75,Mad Max: Fury Road,2015,120,"Action, Adventure, Sci-Fi            ",8.1
76,American Beauty,1999,122,Drama            ,8.3
77,The Big Lebowski,1998,117,"Comedy, Crime, Sport            ",8.1
78,The Fifth Element,1997,126,"Action, Adventure, Sci-Fi            ",7.7
79,Get Out,2017,104,"Horror, Mystery, Thriller            ",7.7
80,Léon,1994,110,"Action, Crime, Drama            ",8.5
81,The Grand Budapest Hotel,2014,99,"Adventure, Comedy, Crime            ",8.1
82,Hamilton,2020,160,"Biography, Drama, History            ",8.5
83,Stardust,2007,127,"Adventure, Family, Fantasy            ",7.6
84,Se7en,1995,127,"Crime, Drama, Mystery            ",8.6
85,Logan,2017,137,"Action, Drama, Sci-Fi            ",8.1
86,Moneyball,2011,133,"Biography, Drama, Sport            ",7.6
87,The Lord of the Rings: The Return of the King,2003,201,"Action, Adventure, Drama            ",8.9
88,Requiem for a Dream,2000,102,Drama            ,8.3
89,The Pianist,2002,150,"Biography, Drama, Music            ",8.5
90,About Time,2013,123,"Comedy, Drama, Fantasy            ",7.8
91,Aliens,1986,137,"Action, Adventure, Sci-Fi            ",8.3
92,Whiplash,2014,106,"Drama, Music            ",8.5
93,Ford v Ferrari,2019,152,"Action, Biography, Drama            ",8.1
94,Call Me by Your Name,2017,132,"Drama, Romance            ",7.9
95,The Godfather: Part III,1990,162,"Crime, Drama            ",7.6
96,300,2006,117,"Action, Drama            ",7.6
97,Dunkirk,2017,106,"Action, Drama, History            ",7.8
98,The Princess Bride,1987,98,"Adventure, Family, Fantasy            ",8.0
99,Heat,1995,170,"Crime, Drama, Thriller            ",8.2
100,Brokeback Mountain,2005,134,"Drama, Romance            ",7.7
101,Braveheart,1995,178,"Biography, Drama, History            ",8.3
102,Harry Potter and the Goblet of Fire,2005,157,"Adventure, Family, Fantasy            ",7.7
103,Taxi Driver,1976,114,"Crime, Drama            ",8.2
104,The Hobbit: An Unexpected Journey,2012,169,"Adventure, Fantasy            ",7.8
105,Batman Begins,2005,140,"Action, Adventure            ",8.2
106,Hacksaw Ridge,2016,139,"Biography, Drama, History            ",8.1
107,Prisoners,2013,153,"Crime, Drama, Mystery            ",8.1
108,Shrek,2001,90,"Animation, Adventure, Comedy            ",7.8
109,Captain Fantastic,2016,118,"Comedy, Drama            ",7.9
110,A Clockwork Orange,1971,136,"Crime, Drama, Sci-Fi            ",8.3
111,The Sandlot,1993,101,"Comedy, Drama, Family            ",7.8
112,The Martian,2015,144,"Adventure, Drama, Sci-Fi            ",8.0
113,The Social Network,2010,120,"Biography, Drama            ",7.7
114,The Irishman,2019,209,"Biography, Crime, Drama            ",7.8
115,Blade Runner,1982,117,"Action, Sci-Fi, Thriller            ",8.1
116,Spider-Man: Into the Spider-Verse,2018,117,"Animation, Action, Adventure            ",8.4
117,Tombstone,1993,130,"Action, Biography, Drama            ",7.8
118,Arrival,2016,116,"Drama, Sci-Fi            ",7.9
119,Pirates of the Caribbean: The Curse of the Black Pearl,2003,143,"Action, Adventure, Fantasy            ",8.0
120,Rush,2013,123,"Action, Biography, Drama            ",8.1
121,"Three Billboards Outside Ebbing, Missouri",2017,115,"Comedy, Crime, Drama            ",8.1
122,Moana,2016,107,"Animation, Adventure, Comedy            ",7.6
123,Rogue One,2016,133,"Action, Adventure, Sci-Fi            ",7.8
124,Baby Driver,2017,113,"Action, Crime, Drama            ",7.6
125,Mission: Impossible - Fallout,2018,147,"Action, Adventure, Thriller            ",7.7
126,Drive,2011,100,"Crime, Drama            ",7.8
127,Kingsman: The Secret Service,2014,129,"Action, Adventure, Comedy            ",7.7
128,Home Alone,1990,103,"Comedy, Family            ",7.6
129,12 Angry Men,1957,96,"Crime, Drama            ",9.0
130,The Shining,1980,146,"Drama, Horror            ",8.4
131,My Fair Lady,1964,170,"Drama, Family, Musical            ",7.8
132,Jagten,2012,115,Drama            ,8.3
133,Scarface,1983,170,"Crime, Drama            ",8.3
134,Good Will Hunting,1997,126,"Drama, Romance            ",8.3
135,Black Swan,2010,108,"Drama, Thriller            ",8.0
136,Star Wars,1977,121,"Action, Adventure, Fantasy            ",8.6
137,Stand by Me,1986,89,"Adventure, Drama            ",8.1
138,The Count of Monte Cristo,2002,131,"Action, Adventure, Drama            ",7.8
139,The Lord of the Rings: The Two Towers,2002,179,"Action, Adventure, Drama            ",8.7
140,Snatch,2000,104,"Comedy, Crime            ",8.3
141,Ghost Busters,1984,105,"Action, Comedy, Fantasy            ",7.8
142,The Lion King,1994,88,"Animation, Adventure, Drama            ",8.5
143,Into the Wild,2007,148,"Adventure, Biography, Drama            ",8.1
144,Raiders of the Lost Ark,1981,115,"Action, Adventure            ",8.4
145,Donnie Darko,2001,113,"Drama, Mystery, Sci-Fi            ",8.0
146,Sen to Chihiro no kamikakushi,2001,125,"Animation, Adventure, Family            ",8.6
147,Eternal Sunshine of the Spotless Mind,2004,108,"Drama, Romance, Sci-Fi            ",8.3
148,Boogie Nights,1997,155,Drama            ,7.9
149,Rocky,1976,120,"Drama, Sport            ",8.1
150,Hot Fuzz,2007,121,"Action, Comedy, Mystery            ",7.8
151,There Will Be Blood,2007,158,Drama            ,8.2
152,One Flew Over the Cuckoo's Nest,1975,133,Drama            ,8.7
153,The Help,2011,146,Drama            ,8.0
154,Citizen Kane,1941,119,"Drama, Mystery            ",8.3
155,Zootopia,2016,108,"Animation, Adventure, Comedy            ",8.0
156,The Big Short,2015,130,"Biography, Comedy, Drama            ",7.8
157,Ferris Bueller's Day Off,1986,103,Comedy            ,7.8
158,The Breakfast Club,1985,97,"Comedy, Drama            ",7.8
159,Portrait de la jeune fille en feu,2019,122,"Drama, Romance            ",8.1
160,Cast Away,2000,143,"Adventure, Drama, Romance            ",7.8
161,"Il buono, il brutto, il cattivo",1966,161,Western            ,8.8
162,Harry Potter and the Prisoner of Azkaban,2004,142,"Adventure, Family, Fantasy            ",7.9
163,The Ten Commandments,1956,220,"Adventure, Drama            ",7.9
164,The Usual Suspects,1995,106,"Crime, Mystery, Thriller            ",8.5
165,The Intouchables,2011,112,"Biography, Comedy, Drama            ",8.5
166,Almost Famous,2000,122,"Adventure, Comedy, Drama            ",7.9
167,Zodiac,2007,157,"Crime, Drama, Mystery            ",7.7
168,The Truman Show,1998,103,"Comedy, Drama            ",8.1
169,Memento,2000,113,"Mystery, Thriller            ",8.4
170,My Cousin Vinny,1992,120,"Comedy, Crime            ",7.6
171,The Girl with the Dragon Tattoo,2011,158,"Crime, Drama, Mystery            ",7.8
172,Moonrise Kingdom,2012,94,"Comedy, Drama, Romance            ",7.8
173,The Notebook,2004,123,"Drama, Romance            ",7.8
174,12 Years a Slave,2013,134,"Biography, Drama, History            ",8.1
175,La La Land,2016,128,"Comedy, Drama, Music            ",8.0
176,The Hateful Eight,2015,168,"Crime, Drama, Mystery            ",7.8
177,Reservoir Dogs,1992,99,"Crime, Drama, Thriller            ",8.3
178,Gifted,2017,101,Drama            ,7.6
179,The Incredibles,2004,115,"Animation, Action, Adventure            ",8.0
180,Kill Bill: Vol. 1,2003,111,"Action, Crime, Drama            ",8.1
181,Spotlight,2015,129,"Biography, Crime, Drama            ",8.1
182,Sicario,2015,121,"Action, Crime, Drama            ",7.6
183,True Romance,1993,119,"Crime, Drama, Romance            ",7.9
184,American History X,1998,119,Drama            ,8.5
185,Her,2013,126,"Drama, Romance, Sci-Fi            ",8.0
186,Dances with Wolves,1990,181,"Adventure, Drama, Western            ",8.0
187,Ex Machina,2014,108,"Drama, Sci-Fi, Thriller            ",7.7
188,Oldeuboi,2003,120,"Action, Drama, Mystery            ",8.4
189,Argo,2012,120,"Biography, Drama, Thriller            ",7.7
190,Cidade de Deus,2002,130,"Crime, Drama            ",8.6
191,Platoon,1986,120,"Drama, War            ",8.1
192,Mulholland Dr.,2001,147,"Drama, Mystery, Thriller            ",7.9
193,Star Wars: Episode VII - The Force Awakens,2015,138,"Action, Adventure, Sci-Fi            ",7.9
194,Primal Fear,1996,129,"Crime, Drama, Mystery            ",7.7
195,Terminator 2: Judgment Day,1991,137,"Action, Sci-Fi            ",8.5
196,Atonement,2007,123,"Drama, Mystery, Romance            ",7.8
197,Carlito's Way,1993,144,"Crime, Drama, Thriller            ",7.9
198,Room,2015,118,"Drama, Thriller            ",8.1
199,Trainspotting,1996,93,Drama            ,8.1
200,Apocalypto,2006,139,"Action, Adventure, Drama            ",7.8
201,Wind River,2017,107,"Crime, Drama, Mystery            ",7.7
202,2001: A Space Odyssey,1968,149,"Adventure, Sci-Fi            ",8.3
203,The Terminator,1984,107,"Action, Sci-Fi            ",8.0
204,Training Day,2001,122,"Crime, Drama, Thriller            ",7.7
205,The Perks of Being a Wallflower,2012,103,"Drama, Romance            ",8.0
206,Nightcrawler,2014,117,"Crime, Drama, Thriller            ",7.8
207,The Revenant,2015,156,"Action, Adventure, Drama            ",8.0
208,Casino Royale,2006,144,"Action, Adventure, Thriller            ",8.0
209,Jaws,1975,124,"Adventure, Thriller            ",8.0
210,La vita è bella,1997,116,"Comedy, Drama, Romance            ",8.6
211,Idi i smotri,1985,142,"Drama, Thriller, War            ",8.3
212,Full Metal Jacket,1987,116,"Drama, War            ",8.3
213,Kimi no na wa.,2016,106,"Animation, Drama, Fantasy            ",8.4
214,Catch Me If You Can,2002,141,"Biography, Crime, Drama            ",8.1
215,A Beautiful Mind,2001,135,"Biography, Drama            ",8.2
216,The Hangover,2009,100,Comedy            ,7.7
217,Hidden Figures,2016,127,"Biography, Drama, History            ",7.8
218,X: First Class,2011,131,"Action, Adventure, Sci-Fi            ",7.7
219,Ah-ga-ssi,2016,145,"Drama, Romance, Thriller            ",8.1
220,In the Heat of the Night,1967,110,"Crime, Drama, Mystery            ",7.9
221,V for Vendetta,2005,132,"Action, Drama, Sci-Fi            ",8.2
222,Coco,2017,105,"Animation, Adventure, Family            ",8.4
223,Silver Linings Playbook,2012,122,"Comedy, Drama, Romance            ",7.7
224,Hauru no ugoku shiro,2004,119,"Animation, Adventure, Family            ",8.2
225,Once Upon a Time in America,1984,229,"Crime, Drama            ",8.4
226,Die Hard,1988,132,"Action, Thriller            ",8.2
227,In the Name of the Father,1993,133,"Biography, Crime, Drama            ",8.1
228,The Hobbit: The Desolation of Smaug,2013,161,"Adventure, Fantasy            ",7.8
229,Predator,1987,107,"Action, Adventure, Sci-Fi            ",7.8
230,L.A. Confidential,1997,138,"Crime, Drama, Mystery            ",8.2
231,Sin City,2005,124,"Crime, Thriller            ",8.0
232,Casino,1995,178,"Crime, Drama            ",8.2
233,The Peanut Butter Falcon,2019,97,"Adventure, Comedy, Drama            ",7.6
234,Judgment at Nuremberg,1961,179,"Drama, War            ",8.2
235,Airplane!,1980,88,Comedy            ,7.7
236,Warrior,2011,140,"Action, Drama, Sport            ",8.2
237,28 Days Later...,2002,113,"Drama, Horror, Sci-Fi            ",7.6
238,Toy Story,1995,81,"Animation, Adventure, Comedy            ",8.3
239,Contratiempo,2016,106,"Crime, Drama, Mystery            ",8.1
240,The Sound of Music,1965,172,"Biography, Drama, Family            ",8.0
241,The Imitation Game,2014,114,"Biography, Drama, Thriller            ",8.0
242,Straight Outta Compton,2015,147,"Biography, Drama, History            ",7.8
243,Big Fish,2003,125,"Adventure, Drama, Fantasy            ",8.0
244,Shaun of the Dead,2004,99,"Comedy, Horror            ",7.9
245,Pan's Labyrinth,2006,118,"Drama, Fantasy, War            ",8.2
246,E.T. the Extra-Terrestrial,1982,115,"Family, Sci-Fi            ",7.8
247,Inside Out,2015,95,"Animation, Adventure, Comedy            ",8.1
248,X-Men: Days of Future Past,2014,132,"Action, Adventure, Sci-Fi            ",7.9
249,Dead Poets Society,1989,128,"Comedy, Drama            ",8.1
250,Minority Report,2002,145,"Action, Crime, Mystery            ",7.6
251,Edge of Tomorrow,2014,113,"Action, Adventure, Sci-Fi            ",7.9
252,Psycho,1960,109,"Horror, Mystery, Thriller            ",8.5
253,The Sixth Sense,1999,107,"Drama, Mystery, Thriller            ",8.1
254,Ratatouille,2007,111,"Animation, Adventure, Comedy            ",8.0
255,The Exorcist,1973,122,Horror            ,8.0
256,Office Space,1999,89,Comedy            ,7.7
257,The Curious Case of Benjamin Button,2008,166,"Drama, Fantasy, Romance            ",7.8
258,Toy Story 4,2019,100,"Animation, Adventure, Comedy            ",7.7
259,Kick-Ass,2010,117,"Action, Comedy, Crime            ",7.6
260,Finding Nemo,2003,100,"Animation, Adventure, Comedy            ",8.1
261,Tangled,2010,100,"Animation, Adventure, Comedy            ",7.7
262,Star Trek,2009,127,"Action, Adventure, Sci-Fi            ",7.9
263,Unforgiven,1992,130,"Drama, Western            ",8.2
264,The Bourne Identity,2002,119,"Action, Mystery, Thriller            ",7.9
265,Lost in Translation,2003,102,"Comedy, Drama            ",7.7
266,Sherlock Holmes,2009,128,"Action, Adventure, Mystery            ",7.6
267,American Gangster,2007,157,"Biography, Crime, Drama            ",7.8
268,Sense and Sensibility,1995,136,"Drama, Romance            ",7.6
269,Children of Men,2006,109,"Adventure, Drama, Sci-Fi            ",7.9
270,Star Wars: Episode V - The Empire Strikes Back,1980,124,"Action, Adventure, Fantasy            ",8.7
271,Marriage Story,2019,137,"Comedy, Drama, Romance            ",7.9
272,Little Miss Sunshine,2006,101,"Comedy, Drama            ",7.8
273,Saw,2004,103,"Horror, Mystery, Thriller            ",7.6
274,Hunt for the Wilderpeople,2016,101,"Adventure, Comedy, Drama            ",7.9
275,Star Wars: Episode VI - Return of the Jedi,1983,131,"Action, Adventure, Fantasy            ",8.3
276,Apollo 13,1995,140,"Adventure, Drama, History            ",7.6
277,Dallas Buyers Club,2013,117,"Biography, Drama            ",8.0
278,Gone with the Wind,1939,238,"Drama, History, Romance            ",8.1
279,The Deer Hunter,1978,183,"Drama, War            ",8.1
280,First Blood,1982,93,"Action, Adventure            ",7.7
281,Inside Man,2006,129,"Crime, Drama, Mystery            ",7.6
282,Birdman or (The Unexpected Virtue of Ignorance),2014,119,"Comedy, Drama            ",7.7
283,Deliverance,1972,109,"Adventure, Drama, Thriller            ",7.7
284,Casablanca,1942,102,"Drama, Romance, War            ",8.5
285,Dark Waters,2019,126,"Biography, Drama, History            ",7.6
286,Ocean's Eleven,2001,116,"Crime, Thriller            ",7.7
287,Salinui chueok,2003,131,"Crime, Drama, Mystery            ",8.1
288,True Grit,2010,110,"Drama, Western            ",7.6
289,Rain Man,1988,133,Drama            ,8.0
290,Wonder,2017,113,"Drama, Family            ",8.0
291,Crash,2004,112,"Crime, Drama, Thriller            ",7.7
292,The Warriors,1979,92,"Action, Crime, Thriller            ",7.6
293,Ben-Hur,1959,212,"Adventure, Drama, History            ",8.1
294,The Blues Brothers,1980,133,"Action, Adventure, Comedy            ",7.9
295,The Wizard of Oz,1939,102,"Adventure, Family, Fantasy            ",8.0
296,The Thing,1982,109,"Horror, Mystery, Sci-Fi            ",8.1
297,Black Hawk Down,2001,144,"Drama, History, War            ",7.7
298,"Lock, Stock and Two Smoking Barrels",1998,107,"Action, Comedy, Crime            ",8.2
299,Fear and Loathing in Las Vegas,1998,118,"Adventure, Comedy, Drama            ",7.6
300,Up,2009,96,"Animation, Adventure, Comedy            ",8.2
301,The Last of the Mohicans,1992,112,"Action, Adventure, Drama            ",7.7
302,La vie d'Adèle,2013,180,"Drama, Romance            ",7.7
303,The Blind Side,2009,129,"Biography, Drama, Sport            ",7.6
304,What We Do in the Shadows,2014,86,"Comedy, Horror            ",7.7
305,Kill Bill: Vol. 2,2004,137,"Action, Crime, Thriller            ",8.0
306,Back to the Future Part II,1989,108,"Adventure, Comedy, Sci-Fi            ",7.8
307,Manchester by the Sea,2016,137,Drama            ,7.8
308,Amadeus,1984,160,"Biography, Drama, History            ",8.3
309,Gone Baby Gone,2007,114,"Crime, Drama, Mystery            ",7.6
310,"Monsters, Inc.",2001,92,"Animation, Adventure, Comedy            ",8.1
311,Once Upon a Time in the West,1968,165,Western            ,8.5
312,Midnight in Paris,2011,94,"Comedy, Fantasy, Romance            ",7.7
313,Capharnaüm,2018,126,Drama            ,8.4
314,Taken,2008,90,"Action, Crime, Thriller            ",7.8
315,Mystic River,2003,138,"Crime, Drama, Mystery            ",7.9
316,Mulan,1998,88,"Animation, Adventure, Family            ",7.6
317,The Lives of Others,2006,137,"Drama, Mystery, Thriller            ",8.4
318,Lethal Weapon,1987,109,"Action, Crime, Thriller            ",7.6
319,A Man for All Seasons,1966,120,"Biography, Drama, History            ",7.7
320,Breakfast at Tiffany's,1961,115,"Comedy, Drama, Romance            ",7.6
321,Remember the Titans,2000,113,"Biography, Drama, Sport            ",7.8
322,Shichinin no samurai,1954,207,"Action, Adventure, Drama            ",8.6
323,How to Train Your Dragon,2010,98,"Animation, Action, Adventure            ",8.1
324,The King's Speech,2010,118,"Biography, Drama, History            ",8.0
325,Amélie,2001,122,"Comedy, Romance            ",8.3
326,Big Hero 6,2014,102,"Animation, Action, Adventure            ",7.8
327,Rear Window,1954,112,"Mystery, Thriller            ",8.4
328,Indiana Jones and the Last Crusade,1989,127,"Action, Adventure            ",8.2
329,Serenity,2005,119,"Action, Adventure, Sci-Fi            ",7.8
330,What's Eating Gilbert Grape,1993,118,Drama            ,7.8
331,Key Largo,1948,100,"Action, Crime, Drama            ",7.8
332,Chinatown,1974,130,"Drama, Mystery, Thriller            ",8.1
333,Incredibles 2,2018,118,"Animation, Action, Adventure            ",7.6
334,The Thin Red Line,1998,170,"Drama, War            ",7.6
335,"O Brother, Where Art Thou?",2000,107,"Adventure, Comedy, Crime            ",7.7
336,Gran Torino,2008,116,Drama            ,8.1
337,The Magnificent Seven,1960,128,"Action, Adventure, Western            ",7.7
338,Hell or High Water,2016,102,"Action, Crime, Drama            ",7.6
339,Incendies,2010,131,"Drama, Mystery, War            ",8.3
340,Who Framed Roger Rabbit,1988,104,"Animation, Adventure, Comedy            ",7.7
341,WALL·E,2008,98,"Animation, Adventure, Family            ",8.4
342,Scent of a Woman,1992,156,Drama            ,8.0
343,Der Untergang,2004,156,"Biography, Drama, History            ",8.2
344,3 Idiots,2009,170,"Comedy, Drama            ",8.4
345,End of Watch,2012,109,"Action, Crime, Drama            ",7.6
346,Mary Poppins,1964,139,"Comedy, Family, Fantasy            ",7.8
347,Mononoke-hime,1997,134,"Animation, Action, Adventure            ",8.4
348,Eastern Promises,2007,100,"Action, Crime, Drama            ",7.6
349,Blood Diamond,2006,143,"Adventure, Drama, Thriller            ",8.0
350,Twelve Monkeys,1995,129,"Mystery, Sci-Fi, Thriller            ",8.0
351,Slumdog Millionaire,2008,120,"Drama, Romance            ",8.0
352,A Few Good Men,1992,138,"Drama, Thriller            ",7.7
353,Coraline,2009,100,"Animation, Drama, Family            ",7.7
354,Gravity,2013,91,"Drama, Sci-Fi, Thriller            ",7.7
355,Misery,1990,107,"Drama, Thriller            ",7.8
356,Fa yeung nin wah,2000,98,"Drama, Romance            ",8.1
357,The Others,2001,101,"Horror, Mystery, Thriller            ",7.6
358,The Untouchables,1987,119,"Crime, Drama, Thriller            ",7.9
359,The Ladykillers,1955,91,"Comedy, Crime            ",7.7
360,The Florida Project,2017,111,Drama            ,7.6
361,Just Mercy,2019,137,"Biography, Crime, Drama            ",7.6
362,Dr. Strangelove or: How I Learned to Stop Worrying and Love the Bomb,1964,95,Comedy            ,8.4
363,The Theory of Everything,2014,123,"Biography, Drama, Romance            ",7.7
364,Groundhog Day,1993,101,"Comedy, Fantasy, Romance            ",8.0
365,Hotaru no haka,1988,89,"Animation, Drama, War            ",8.5
366,Zombieland,2009,88,"Adventure, Comedy, Fantasy            ",7.6
367,To Kill a Mockingbird,1962,129,"Crime, Drama            ",8.2
368,Do the Right Thing,1989,120,"Comedy, Drama            ",8.0
369,The Last Samurai,2003,154,"Action, Drama            ",7.7
370,(500) Days of Summer,2009,95,"Comedy, Drama, Romance            ",7.7
371,Edward Scissorhands,1990,105,"Drama, Fantasy, Romance            ",7.9
372,Willy Wonka & the Chocolate Factory,1971,100,"Family, Fantasy, Musical            ",7.8
373,Fantastic Mr. Fox,2009,87,"Animation, Adventure, Comedy            ",7.9
374,Where Eagles Dare,1968,158,"Action, Adventure, War            ",7.7
375,Captain Phillips,2013,134,"Adventure, Biography, Crime            ",7.8
376,Blue Velvet,1986,120,"Drama, Mystery, Thriller            ",7.7
377,Ang-ma-reul bo-at-da,2010,144,"Action, Crime, Drama            ",7.8
378,The Bourne Supremacy,2004,108,"Action, Mystery, Thriller            ",7.7
379,The Elephant Man,1980,124,"Biography, Drama            ",8.1
380,The Graduate,1967,106,"Comedy, Drama, Romance            ",8.0
381,Gattaca,1997,106,"Drama, Sci-Fi, Thriller            ",7.8
382,Million Dollar Baby,2004,132,"Drama, Sport            ",8.1
383,The Pursuit of Happyness,2006,117,"Biography, Drama            ",8.0
384,Magnolia,1999,188,Drama            ,8.0
385,Man on Fire,2004,146,"Action, Crime, Drama            ",7.7
386,Despicable Me,2010,95,"Animation, Comedy, Crime            ",7.6
387,Raging Bull,1980,129,"Biography, Drama, Sport            ",8.2
388,The Fugitive,1993,130,"Action, Crime, Drama            ",7.8
389,Before Sunrise,1995,101,"Drama, Romance            ",8.1
390,Lawrence of Arabia,1962,228,"Adventure, Biography, Drama            ",8.3
391,Lion,2016,118,"Biography, Drama            ",8.0
392,The Royal Tenenbaums,2001,110,"Comedy, Drama            ",7.6
393,A Bronx Tale,1993,121,"Crime, Drama, Romance            ",7.8
394,The Bourne Ultimatum,2007,115,"Action, Mystery, Thriller            ",8.0
395,Vertigo,1958,128,"Mystery, Romance, Thriller            ",8.3
396,Mr. Nobody,2009,141,"Drama, Fantasy, Romance            ",7.8
397,Falling Down,1993,113,"Action, Crime, Drama            ",7.6
398,Life of Pi,2012,127,"Adventure, Drama, Fantasy            ",7.9
399,Star Trek Into Darkness,2013,132,"Action, Adventure, Sci-Fi            ",7.7
400,The Little Mermaid,1989,83,"Animation, Family, Fantasy            ",7.6
401,Monty Python and the Holy Grail,1975,91,"Adventure, Comedy, Fantasy            ",8.2
402,Young Frankenstein,1974,106,Comedy            ,8.0
403,As Good as It Gets,1997,139,"Comedy, Drama, Romance            ",7.7
404,Chung Hing sam lam,1994,102,"Comedy, Crime, Drama            ",8.1
405,Boyz n the Hood,1991,112,"Crime, Drama            ",7.8
406,The Sting,1973,129,"Comedy, Crime, Drama            ",8.3
407,Some Like It Hot,1959,121,"Comedy, Music, Romance            ",8.2
408,Wo hu cang long,2000,120,"Action, Adventure, Fantasy            ",7.8
409,Aladdin,1992,90,"Animation, Adventure, Comedy            ",8.0
410,District 9,2009,112,"Action, Sci-Fi, Thriller            ",7.9
411,Bridge of Spies,2015,142,"Drama, History, Thriller            ",7.6
412,Creed,2015,133,"Drama, Sport            ",7.6
413,Miracle in Cell No. 7,2019,132,Drama            ,8.2
414,In Bruges,2008,107,"Comedy, Crime, Drama            ",7.9
415,King Kong,1933,100,"Adventure, Horror, Sci-Fi            ",7.9
416,Halloween,1978,91,"Horror, Thriller            ",7.7
417,It's a Wonderful Life,1946,130,"Drama, Family, Fantasy            ",8.6
418,Cool Hand Luke,1967,127,"Crime, Drama            ",8.1
419,Being John Malkovich,1999,113,"Comedy, Drama, Fantasy            ",7.7
420,Rebecca,1940,130,"Drama, Mystery, Romance            ",8.1
421,Blazing Saddles,1974,93,"Comedy, Western            ",7.7
422,Soorarai Pottru,2020,153,Drama            ,8.6
423,Inherit the Wind,1960,128,"Biography, Drama, History            ",8.1
424,The Butterfly Effect,2004,113,"Drama, Sci-Fi, Thriller            ",7.6
425,Fried Green Tomatoes,1991,130,Drama            ,7.7
426,Serbuan maut,2011,101,"Action, Thriller            ",7.6
427,Papillon,1973,151,"Biography, Crime, Drama            ",8.0
428,The Machinist,2004,101,"Drama, Thriller            ",7.7
429,Rosemary's Baby,1968,137,"Drama, Horror            ",8.0
430,Toy Story 3,2010,103,"Animation, Adventure, Comedy            ",8.2
431,Moon,2009,97,"Drama, Mystery, Sci-Fi            ",7.9
432,The Fault in Our Stars,2014,126,"Drama, Romance            ",7.7
433,Life of Brian,1979,94,Comedy            ,8.1
434,El secreto de sus ojos,2009,129,"Drama, Mystery, Romance            ",8.2
435,Brazil,1985,132,"Drama, Sci-Fi            ",7.9
436,Y tu mamá también,2001,106,Drama            ,7.6
437,Boyhood,2014,165,Drama            ,7.9
438,Dog Day Afternoon,1975,125,"Biography, Crime, Drama            ",8.0
439,Searching,2018,102,"Drama, Mystery, Thriller            ",7.6
440,3:10 to Yuma,2007,122,"Action, Crime, Drama            ",7.7
441,The Naked Gun: From the Files of Police Squad!,1988,85,"Comedy, Crime            ",7.6
442,Beauty and the Beast,1991,84,"Animation, Family, Fantasy            ",8.0
443,Butch Cassidy and the Sundance Kid,1969,110,"Biography, Crime, Drama            ",8.0
444,Planet of the Apes,1968,112,"Adventure, Sci-Fi            ",8.0
445,Isle of Dogs,2018,101,"Animation, Adventure, Comedy            ",7.9
446,The Maltese Falcon,1941,100,"Crime, Film-Noir, Mystery            ",8.0
447,The Fighter,2010,116,"Biography, Drama, Sport            ",7.8
448,Koe no katachi,2016,130,"Animation, Drama, Family            ",8.1
449,Midnight Cowboy,1969,113,Drama            ,7.8
450,Mad Max 2,1981,96,"Action, Adventure, Sci-Fi            ",7.6
451,Philadelphia,1993,125,Drama            ,7.7
452,The Boondock Saints,1999,108,"Action, Crime, Thriller            ",7.8
453,This Is England,2006,101,"Crime, Drama            ",7.7
454,Road to Perdition,2002,117,"Crime, Drama, Thriller            ",7.7
455,Tonari no Totoro,1988,86,"Animation, Family, Fantasy            ",8.2
456,Dangal,2016,161,"Action, Biography, Drama            ",8.4
457,"Paris, Texas",1984,145,Drama            ,8.1
458,Walk the Line,2005,136,"Biography, Drama, Music            ",7.8
459,The Color Purple,1985,154,Drama            ,7.8
460,The Boy in the Striped Pyjamas,2008,94,"Drama, History, War            ",7.8
461,Barry Lyndon,1975,185,"Adventure, Drama, History            ",8.1
462,This Is Spinal Tap,1984,82,"Comedy, Music            ",7.9
463,Stagecoach,1939,96,"Adventure, Drama, Western            ",7.8
464,Flipped,2010,90,"Comedy, Drama, Romance            ",7.7
465,Singin' in the Rain,1952,103,"Comedy, Musical, Romance            ",8.3
466,Stalker,1979,162,"Drama, Sci-Fi            ",8.2
467,Blow,2001,124,"Biography, Crime, Drama            ",7.6
468,Dark City,1998,100,"Fantasy, Mystery, Sci-Fi            ",7.6
469,The Wrestler,2008,109,"Drama, Sport            ",7.9
470,Awakenings,1990,121,"Biography, Drama            ",7.8
471,High Noon,1952,85,"Drama, Thriller, Western            ",7.9
472,Wreck-It Ralph,2012,101,"Animation, Adventure, Comedy            ",7.7
473,The Remains of the Day,1993,134,"Drama, Romance            ",7.8
474,The Great Escape,1963,172,"Adventure, Drama, History            ",8.2
475,Donnie Brasco,1997,127,"Biography, Crime, Drama            ",7.7
476,Match Point,2005,124,"Drama, Romance, Thriller            ",7.6
477,Sling Blade,1996,135,Drama            ,8.0
478,Glory,1989,122,"Biography, Drama, History            ",7.8
479,Nuovo Cinema Paradiso,1988,155,"Drama, Romance            ",8.5
480,Adaptation.,2002,115,"Comedy, Drama            ",7.7
481,Un prophète,2009,155,"Crime, Drama            ",7.9
482,Sunset Blvd.,1950,110,"Drama, Film-Noir            ",8.4
483,The Conversation,1974,113,"Drama, Mystery, Thriller            ",7.8
484,Rushmore,1998,93,"Comedy, Drama, Romance            ",7.7
485,The Lego Movie,2014,100,"Animation, Action, Adventure            ",7.7
486,Clerks,1994,92,Comedy            ,7.7
487,Close Encounters of the Third Kind,1977,138,"Drama, Sci-Fi            ",7.6
488,The Birds,1963,119,"Drama, Horror, Mystery            ",7.7
489,Empire of the Sun,1987,153,"Action, Drama, History            ",7.7
490,Akira,1988,124,"Animation, Action, Sci-Fi            ",8.0
491,Die Hard: With a Vengeance,1995,128,"Action, Adventure, Thriller            ",7.6
492,Hachi: A Dog's Tale,2009,93,"Biography, Drama, Family            ",8.1
493,Pâfekuto burû,1997,81,"Animation, Crime, Mystery            ",8.0
494,The Right Stuff,1983,193,"Adventure, Biography, Drama            ",7.8
495,Det sjunde inseglet,1957,96,"Drama, Fantasy, History            ",8.2
496,Dawn of the Planet of the Apes,2014,130,"Action, Adventure, Drama            ",7.6
497,Toy Story 2,1999,92,"Animation, Adventure, Comedy            ",7.9
498,Relatos salvajes,2014,122,"Comedy, Drama, Thriller            ",8.1
499,Bonnie and Clyde,1967,111,"Action, Biography, Crime            ",7.8
500,North by Northwest,1959,136,"Adventure, Mystery, Thriller            ",8.3
501,The Illusionist,2006,110,"Drama, Fantasy, Mystery            ",7.6
502,Kramer vs. Kramer,1979,105,Drama            ,7.8
503,Roma,2018,135,Drama            ,7.7
504,JFK,1991,189,"Drama, History, Thriller            ",8.0
505,Blood Simple,1984,99,"Crime, Drama, Thriller            ",7.6
506,Män som hatar kvinnor,2009,152,"Crime, Drama, Mystery            ",7.8
507,Only the Brave,2017,134,"Action, Biography, Drama            ",7.6
508,After Hours,1985,97,"Comedy, Crime, Drama            ",7.7
509,Good Bye Lenin!,2003,121,"Comedy, Drama, Romance            ",7.7
510,Who's Afraid of Virginia Woolf?,1966,131,Drama            ,8.0
511,Das Boot,1981,149,"Adventure, Drama, Thriller            ",8.3
512,Amores perros,2000,154,"Drama, Thriller            ",8.1
513,The Apartment,1960,125,"Comedy, Drama, Romance            ",8.3
514,Dawn of the Dead,1978,127,"Horror, Thriller            ",7.9
515,Spartacus,1960,197,"Adventure, Biography, Drama            ",7.9
516,Goldfinger,1964,110,"Action, Adventure, Thriller            ",7.7
517,Lost Highway,1997,134,"Mystery, Thriller            ",7.6
518,The Jungle Book,1967,78,"Animation, Adventure, Family            ",7.6
519,Kôkaku Kidôtai,1995,83,"Animation, Action, Crime            ",8.0
520,Ran,1985,162,"Action, Drama, War            ",8.2
521,Before Sunset,2004,80,"Drama, Romance            ",8.1
522,When Harry Met Sally...,1989,95,"Comedy, Drama, Romance            ",7.6
523,Detachment,2011,98,Drama            ,7.7
524,Metropolis,1927,153,"Drama, Sci-Fi            ",8.3
525,The Manchurian Candidate,1962,126,"Drama, Thriller            ",7.9
526,Der Name der Rose,1986,130,"Crime, Drama, Mystery            ",7.7
527,Dirty Harry,1971,102,"Action, Crime, Thriller            ",7.7
528,A Streetcar Named Desire,1951,122,Drama            ,8.0
529,Annie Hall,1977,93,"Comedy, Romance            ",8.0
530,"Synecdoche, New York",2008,124,Drama            ,7.6
531,Batoru rowaiaru,2000,114,"Action, Adventure, Drama            ",7.6
532,Doctor Zhivago,1965,197,"Drama, Romance, War            ",8.0
533,Per un pugno di dollari,1964,99,"Action, Drama, Western            ",8.0
534,La haine,1995,98,"Crime, Drama            ",8.1
535,Roman Holiday,1953,118,"Comedy, Romance            ",8.0
536,La piel que habito,2011,120,"Drama, Horror, Thriller            ",7.6
537,Festen,1998,105,Drama            ,8.0
538,La montaña sagrada,1973,114,"Adventure, Drama, Fantasy            ",7.9
539,God's Own Country,2017,104,"Drama, Romance            ",7.7
540,Dogville,2003,178,"Crime, Drama            ",8.0
541,The Third Man,1949,104,"Film-Noir, Mystery, Thriller            ",8.1
542,Per qualche dollaro in più,1965,132,Western            ,8.2
543,Gandhi,1982,191,"Biography, Drama, History            ",8.0
544,Ratsasan,2018,170,"Action, Crime, Thriller            ",8.5
545,Bound by Honor,1993,180,"Crime, Drama            ",8.0
546,Ray,2004,152,"Biography, Drama, Music            ",7.7
547,Solaris,1972,167,"Drama, Mystery, Sci-Fi            ",8.1
548,8½,1963,138,Drama            ,8.0
549,Sing Street,2016,106,"Comedy, Drama, Music            ",7.9
550,The Dirty Dozen,1967,150,"Action, Adventure, War            ",7.7
551,Do lok tin si,1995,99,"Comedy, Crime, Drama            ",7.7
552,Enemy at the Gates,2001,131,"Drama, History, War            ",7.6
553,Kung fu,2004,99,"Action, Comedy, Fantasy            ",7.7
554,The Last King of Scotland,2006,123,"Biography, Drama, History            ",7.7
555,I Am Sam,2001,132,Drama            ,7.7
556,Network,1976,121,Drama            ,8.1
557,La migliore offerta,2013,131,"Crime, Drama, Mystery            ",7.8
558,The Insider,1999,157,"Biography, Drama, Thriller            ",7.8
559,The Searchers,1956,119,"Adventure, Drama, Western            ",7.9
560,Tumbbad,2018,104,"Drama, Fantasy, Horror            ",8.3
561,The Iron Giant,1999,86,"Animation, Action, Adventure            ",8.0
562,Fiddler on the Roof,1971,181,"Drama, Family, Musical            ",8.0
563,Being There,1979,130,"Comedy, Drama            ",8.0
564,Gake no ue no Ponyo,2008,101,"Animation, Adventure, Comedy            ",7.7
565,Seppuku,1962,133,"Action, Drama, Mystery            ",8.6
566,Before Midnight,2013,109,"Drama, Romance            ",7.9
567,Ed Wood,1994,127,"Biography, Comedy, Drama            ",7.8
568,Jodaeiye Nader az Simin,2011,123,Drama            ,8.3
569,Night of the Living Dead,1968,96,"Horror, Thriller            ",7.9
570,La grande bellezza,2013,141,Drama            ,7.8
571,Hotel Rwanda,2004,121,"Biography, Drama, History            ",8.1
572,Loving Vincent,2017,94,"Animation, Biography, Crime            ",7.8
573,Charade,1963,113,"Comedy, Mystery, Romance            ",7.9
574,The Bridge on the River Kwai,1957,161,"Adventure, Drama, War            ",8.1
575,The King of Comedy,1982,109,"Comedy, Crime, Drama            ",7.8
576,The Man from Earth,2007,87,"Drama, Fantasy, Mystery            ",7.9
577,How to Train Your Dragon 2,2014,102,"Animation, Action, Adventure            ",7.8
578,Naked,1993,132,"Comedy, Drama            ",7.8
579,The Last Emperor,1987,163,"Biography, Drama, History            ",7.7
580,It Happened One Night,1934,105,"Comedy, Romance            ",8.1
581,Ordinary People,1980,124,Drama            ,7.7
582,The French Connection,1971,104,"Action, Crime, Drama            ",7.7
583,Togo,2019,113,"Adventure, Biography, Drama            ",8.0
584,Funny Games,1997,108,"Crime, Drama, Thriller            ",7.6
585,Star Trek II: The Wrath of Khan,1982,113,"Action, Adventure, Sci-Fi            ",7.7
586,Days of Heaven,1978,94,"Drama, Romance            ",7.8
587,Billy Elliot,2000,110,"Drama, Music            ",7.7
588,Giant,1956,201,"Drama, Western            ",7.6
589,The Artist,2011,100,"Comedy, Drama, Romance            ",7.9
590,On the Waterfront,1954,108,"Crime, Drama, Thriller            ",8.1
591,Kaze no tani no Naushika,1984,117,"Animation, Adventure, Fantasy            ",8.1
592,Lord of War,2005,122,"Action, Crime, Drama            ",7.6
593,50/50,2011,100,"Comedy, Drama, Romance            ",7.6
594,Majo no takkyûbin,1989,103,"Animation, Adventure, Drama            ",7.8
595,Malcolm X,1992,202,"Biography, Drama, History            ",7.7
596,All the President's Men,1976,138,"Biography, Drama, History            ",7.9
597,"Planes, Trains & Automobiles",1987,93,"Comedy, Drama            ",7.6
598,Miller's Crossing,1990,115,"Crime, Drama, Thriller            ",7.7
599,Philomena,2013,98,"Biography, Comedy, Drama            ",7.6
600,Zerkalo,1975,107,"Biography, Drama            ",8.1
601,The Nightmare Before Christmas,1993,76,"Animation, Family, Fantasy            ",8.0
602,The Fall,2006,117,"Adventure, Drama, Fantasy            ",7.9
603,Rio Bravo,1959,141,"Action, Drama, Western            ",8.0
604,Persona,1966,85,"Drama, Thriller            ",8.1
605,The Day of the Jackal,1973,143,"Crime, Drama, Thriller            ",7.8
606,Changeling,2008,141,"Biography, Crime, Drama            ",7.7
607,What Ever Happened to Baby Jane?,1962,134,"Drama, Horror, Thriller            ",8.1
608,The Longest Day,1962,178,"Action, Drama, History            ",7.8
609,Seven Pounds,2008,123,Drama            ,7.6
610,Serbuan maut 2: Berandal,2014,150,"Action, Crime, Thriller            ",8.0
611,M - Eine Stadt sucht einen Mörder,1931,117,"Crime, Mystery, Thriller            ",8.3
612,Pink Floyd: The Wall,1982,95,"Drama, Fantasy, Music            ",8.1
613,Ying xiong,2002,120,"Action, Adventure, History            ",7.9
614,Dancer in the Dark,2000,140,"Crime, Drama, Musical            ",8.0
615,Klaus,2019,96,"Animation, Adventure, Comedy            ",8.2
616,Paddington 2,2017,103,"Animation, Adventure, Comedy            ",7.8
617,Manhattan,1979,96,"Comedy, Drama, Romance            ",7.9
618,Finding Neverland,2004,106,"Biography, Drama, Family            ",7.6
619,Mississippi Burning,1988,128,"Crime, Drama, History            ",7.8
620,El cuerpo,2012,112,"Mystery, Thriller            ",7.6
621,Evil Dead II,1987,84,"Comedy, Horror            ",7.8
622,Nebraska,2013,115,"Adventure, Comedy, Drama            ",7.7
623,Låt den rätte komma in,2008,114,"Crime, Drama, Fantasy            ",7.9
624,The Outlaw Josey Wales,1976,135,Western            ,7.8
625,Me and Earl and the Dying Girl,2015,105,"Comedy, Drama            ",7.7
626,Paths of Glory,1957,88,"Drama, War            ",8.4
627,Rebel Without a Cause,1955,111,Drama            ,7.7
628,The Wild Bunch,1969,145,"Action, Adventure, Western            ",7.9
629,Guess Who's Coming to Dinner,1967,108,"Comedy, Drama            ",7.8
630,Badlands,1973,94,"Action, Crime, Drama            ",7.8
631,"Shin seiki Evangelion Gekijô-ban: Air/Magokoro wo, kimi ni",1997,87,"Animation, Action, Drama            ",8.1
632,The Straight Story,1999,112,"Biography, Drama            ",8.0
633,Serpico,1973,130,"Biography, Crime, Drama            ",7.7
634,October Sky,1999,108,"Biography, Drama, Family            ",7.8
635,Andhadhun,2018,139,"Crime, Drama, Music            ",8.2
636,Glengarry Glen Ross,1992,100,"Crime, Drama, Mystery            ",7.7
637,Breaking the Waves,1996,159,Drama            ,7.8
638,Manbiki kazoku,2018,121,"Crime, Drama            ",7.9
639,Enter the Dragon,1973,102,"Action, Crime, Drama            ",7.7
640,Kelly's Heroes,1970,144,"Adventure, Comedy, War            ",7.6
641,Cabaret,1972,124,"Drama, Music, Musical            ",7.8
642,All About Eve,1950,138,Drama            ,8.2
643,La Strada,1954,108,Drama            ,8.0
644,The Bridges of Madison County,1995,135,"Drama, Romance            ",7.6
645,From Here to Eternity,1953,118,"Drama, Romance, War            ",7.6
646,Witness for the Prosecution,1957,116,"Crime, Drama, Mystery            ",8.4
647,Kaze tachinu,2013,126,"Animation, Biography, Drama            ",7.8
648,Taare Zameen Par,2007,165,"Drama, Family            ",8.4
649,The Quiet Man,1952,129,"Comedy, Drama, Romance            ",7.7
650,The Hustler,1961,134,"Drama, Sport            ",8.0
651,Freaks,1932,64,"Drama, Horror            ",7.9
652,Notorious,1946,102,"Drama, Film-Noir, Romance            ",7.9
653,All That Jazz,1979,123,"Drama, Music, Musical            ",7.9
654,En man som heter Ove,2015,116,"Comedy, Drama, Romance            ",7.7
655,Short Term 12,2013,96,Drama            ,8.0
656,Madeo,2009,129,"Crime, Drama, Mystery            ",7.8
657,Mommy,2014,139,Drama            ,8.1
658,Secrets & Lies,1996,136,"Comedy, Drama            ",8.0
659,Modern Times,1936,87,"Comedy, Drama, Family            ",8.5
660,Tenkû no shiro Rapyuta,1986,125,"Animation, Adventure, Drama            ",8.0
661,21 Grams,2003,124,"Crime, Drama, Thriller            ",7.6
662,Harvey,1950,104,"Comedy, Drama, Fantasy            ",7.9
663,Abre los ojos,1997,119,"Drama, Mystery, Sci-Fi            ",7.7
664,My Left Foot: The Story of Christy Brown,1989,103,"Biography, Drama            ",7.9
665,Watership Down,1978,91,"Animation, Adventure, Drama            ",7.6
666,Beasts of No Nation,2015,137,"Drama, War            ",7.7
667,The Killing Fields,1984,141,"Biography, Drama, History            ",7.8
668,La dolce vita,1960,174,"Comedy, Drama            ",8.0
669,Sabrina,1954,113,"Comedy, Drama, Romance            ",7.7
670,Cinderella Man,2005,144,"Biography, Drama, History            ",8.0
671,Double Indemnity,1944,107,"Crime, Drama, Film-Noir            ",8.3
672,Yip Man,2008,106,"Action, Biography, Drama            ",8.0
673,Barton Fink,1991,116,"Comedy, Drama, Thriller            ",7.7
674,The Great Dictator,1940,125,"Comedy, Drama, War            ",8.4
675,Bãhubali: The Beginning,2015,159,"Action, Drama            ",8.0
676,Nosferatu,1922,94,"Fantasy, Horror            ",7.9
677,A Christmas Story,1983,93,"Comedy, Family            ",7.9
678,The Man Who Shot Liberty Valance,1962,123,"Drama, Western            ",8.1
679,Victoria,2015,138,"Crime, Drama, Romance            ",7.6
680,Lucky Number Slevin,2006,110,"Crime, Drama, Thriller            ",7.7
681,Zwartboek,2006,145,"Drama, Thriller, War            ",7.7
682,Harold and Maude,1971,91,"Comedy, Drama, Romance            ",7.9
683,Gaslight,1944,114,"Crime, Drama, Mystery            ",7.8
684,Kari-gurashi no Arietti,2010,94,"Animation, Adventure, Family            ",7.6
685,Rope,1948,80,"Crime, Drama, Mystery            ",8.0
686,Happiness,1998,134,"Comedy, Drama            ",7.7
687,Hamlet,1996,242,Drama            ,7.7
688,Der Himmel über Berlin,1987,128,"Drama, Fantasy, Romance            ",8.0
689,Ajeossi,2010,119,"Action, Crime, Drama            ",7.8
690,À bout de souffle,1960,90,"Crime, Drama            ",7.8
691,Paper Moon,1973,102,"Comedy, Crime, Drama            ",8.1
692,Gangs of Wasseypur,2012,321,"Action, Comedy, Crime            ",8.2
693,Escape from Alcatraz,1979,112,"Action, Biography, Crime            ",7.6
694,25th Hour,2002,135,Drama            ,7.6
695,Under sandet,2015,100,"Drama, History, War            ",7.8
696,East of Eden,1955,118,Drama            ,7.9
697,The Innocents,1961,100,Horror            ,7.8
698,Dial M for Murder,1954,105,"Crime, Thriller            ",8.2
699,Dara iz Jasenovca,2020,130,"Drama, War            ",8.3
700,Rashomon,1950,88,"Crime, Drama, Mystery            ",8.2
701,The Lion in Winter,1968,134,"Biography, Drama, History            ",7.9
702,Amour,2012,127,Drama            ,7.9
703,The African Queen,1951,105,"Adventure, Drama, Romance            ",7.7
704,Fantasia,1940,125,"Animation, Family, Fantasy            ",7.7
705,On Golden Pond,1981,109,Drama            ,7.6
706,Papurika,2006,90,"Animation, Drama, Fantasy            ",7.7
707,PK,2014,153,"Comedy, Drama, Musical            ",8.1
708,Mary and Max,2009,92,"Animation, Comedy, Drama            ",8.1
709,The Verdict,1982,129,Drama            ,7.7
710,Les quatre cents coups,1959,99,"Crime, Drama            ",8.1
711,Song of the Sea,2014,93,"Animation, Adventure, Drama            ",8.1
712,Dead Man,1995,121,"Adventure, Drama, Fantasy            ",7.6
713,Yojinbo,1961,110,"Action, Drama, Thriller            ",8.2
714,Trois couleurs: Bleu,1993,94,"Drama, Music, Mystery            ",7.9
715,The Man Who Would Be King,1975,129,"Adventure, History, War            ",7.8
716,The Philadelphia Story,1940,112,"Comedy, Romance            ",7.9
717,Kubo and the Two Strings,2016,101,"Animation, Action, Adventure            ",7.8
718,Belle de jour,1967,100,"Drama, Romance            ",7.7
719,La planète sauvage,1973,72,"Animation, Sci-Fi            ",7.8
720,Pink,2016,136,"Drama, Thriller            ",8.1
721,Patton,1970,172,"Biography, Drama, War            ",7.9
722,The Night of the Hunter,1955,92,"Crime, Drama, Film-Noir            ",8.0
723,Mimi wo sumaseba,1995,111,"Animation, Drama, Family            ",7.9
724,The Day the Earth Stood Still,1951,92,"Drama, Sci-Fi            ",7.7
725,A Little Princess,1995,97,"Drama, Family, Fantasy            ",7.7
726,Letters from Iwo Jima,2006,141,"Action, Adventure, Drama            ",7.9
727,Todo sobre mi madre,1999,101,Drama            ,7.8
728,The Muppet Movie,1979,95,"Adventure, Comedy, Family            ",7.6
729,Drishyam,2015,163,"Crime, Drama, Mystery            ",8.2
730,Cat on a Hot Tin Roof,1958,108,Drama            ,8.0
731,Lola rennt,1998,81,"Crime, Drama, Thriller            ",7.6
732,Withnail & I,1987,107,"Comedy, Drama            ",7.7
733,Pride,2014,119,"Biography, Comedy, Drama            ",7.8
734,Frankenstein,1931,70,"Drama, Horror, Sci-Fi            ",7.8
735,The Message,1976,177,"Biography, Drama, History            ",8.2
736,The Treasure of the Sierra Madre,1948,126,"Adventure, Drama, Western            ",8.2
737,Adams æbler,2005,94,"Comedy, Crime, Drama            ",7.8
738,Short Cuts,1993,188,"Comedy, Drama            ",7.7
739,Once,2007,86,"Drama, Music, Romance            ",7.8
740,Dom za vesanje,1988,142,"Comedy, Crime, Drama            ",8.2
741,La Vie En Rose,2007,140,"Biography, Drama, Music            ",7.6
742,Hannah and Her Sisters,1986,107,"Comedy, Drama            ",7.9
743,Bom yeoreum gaeul gyeoul geurigo bom,2003,103,"Drama, Romance            ",8.0
744,Ladri di biciclette,1948,89,Drama            ,8.3
745,Fanny och Alexander,1982,188,Drama            ,8.1
746,La double vie de Véronique,1991,98,"Drama, Fantasy, Music            ",7.8
747,Die Welle,2008,107,"Drama, Thriller            ",7.6
748,Kurenai no buta,1992,94,"Animation, Adventure, Comedy            ",7.7
749,City Lights,1931,87,"Comedy, Drama, Romance            ",8.5
750,Chugyeokja,2008,125,"Action, Crime, Thriller            ",7.8
751,The Killing,1956,84,"Crime, Drama, Film-Noir            ",8.0
752,Anatomy of a Murder,1959,161,"Crime, Drama, Mystery            ",8.0
753,Tengoku to jigoku,1963,143,"Crime, Drama, Mystery            ",8.4
754,Mysterious Skin,2004,105,Drama            ,7.6
755,Bringing Up Baby,1938,102,"Comedy, Family, Romance            ",7.8
756,Le locataire,1976,126,"Drama, Thriller            ",7.7
757,Touch of Evil,1958,95,"Crime, Drama, Film-Noir            ",8.0
758,Le scaphandre et le papillon,2007,112,"Biography, Drama            ",8.0
759,The Grapes of Wrath,1940,129,"Drama, History            ",8.0
760,Mandariinid,2013,87,"Drama, War            ",8.2
761,"Aguirre, der Zorn Gottes",1972,95,"Action, Adventure, Biography            ",7.9
762,Waking Life,2001,99,"Animation, Drama, Fantasy            ",7.8
763,"South Park: Bigger, Longer & Uncut",1999,81,"Animation, Comedy, Fantasy            ",7.7
764,The Kid,1921,68,"Comedy, Drama, Family            ",8.3
765,Zulu,1964,138,"Drama, History, War            ",7.7
766,All Quiet on the Western Front,1930,152,"Drama, War            ",8.0
767,Mou gaan dou,2002,101,"Action, Crime, Drama            ",8.0
768,The Secret of Kells,2009,71,"Animation, Adventure, Family            ",7.6
769,Bacheha-Ye aseman,1997,89,"Drama, Family, Sport            ",8.3
770,Strangers on a Train,1951,101,"Crime, Film-Noir, Thriller            ",7.9
771,Ikiru,1952,143,Drama            ,8.3
772,To Have and Have Not,1944,100,"Adventure, Comedy, Film-Noir            ",7.8
773,Perfetti sconosciuti,2016,96,"Comedy, Drama            ",7.8
774,A Hard Day's Night,1964,87,"Comedy, Musical            ",7.6
775,Trois couleurs: Rouge,1994,99,"Drama, Mystery, Romance            ",8.1
776,The Best Years of Our Lives,1946,170,"Drama, Romance, War            ",8.0
777,The World's Fastest Indian,2005,127,"Biography, Drama, Sport            ",7.8
778,The Big Sleep,1946,114,"Crime, Film-Noir, Mystery            ",7.9
779,Leviafan,2014,140,"Crime, Drama            ",7.6
780,His Girl Friday,1940,92,"Comedy, Drama, Romance            ",7.9
781,Un long dimanche de fiançailles,2004,133,"Drama, Mystery, Romance            ",7.6
782,Invasion of the Body Snatchers,1956,80,"Drama, Horror, Sci-Fi            ",7.7
783,Gegen die Wand,2004,121,"Drama, Romance            ",7.9
784,The Adventures of Robin Hood,1938,102,"Action, Adventure, Romance            ",7.9
785,Nelyubov,2017,127,Drama            ,7.6
786,Sacrifice,1986,149,Drama            ,8.1
787,The Long Goodbye,1973,112,"Comedy, Crime, Drama            ",7.6
788,Omoide no Mânî,2014,103,"Animation, Drama, Family            ",7.7
789,Boksuneun naui geot,2002,129,"Crime, Drama, Thriller            ",7.6
790,Mr. Smith Goes to Washington,1939,129,"Comedy, Drama            ",8.1
791,Jûbê ninpûchô,1993,94,"Animation, Action, Adventure            ",7.9
792,Andrei Rublev,1966,205,"Biography, Drama, History            ",8.1
793,Giù la testa,1971,157,"Drama, War, Western            ",7.6
794,Batman: Mask of the Phantasm,1993,76,"Animation, Action, Crime            ",7.8
795,Hable con ella,2002,112,"Drama, Mystery, Romance            ",7.9
796,Fitzcarraldo,1982,158,"Adventure, Drama            ",8.1
797,Kaguyahime no monogatari,2013,137,"Animation, Adventure, Drama            ",8.0
798,Dead Man's Shoes,2004,90,"Crime, Drama, Thriller            ",7.6
799,Le Petit Prince,2015,108,"Animation, Adventure, Drama            ",7.7
800,Frost/Nixon,2008,122,"Biography, Drama, History            ",7.7
801,Control,2007,122,"Biography, Drama, Music            ",7.7
802,La battaglia di Algeri,1966,121,"Drama, War            ",8.1
803,Underground,1995,170,"Comedy, Drama, Fantasy            ",8.1
804,Death Note: Desu nôto,2006,126,"Crime, Drama, Fantasy            ",7.7
805,Bride of Frankenstein,1935,75,"Drama, Horror, Sci-Fi            ",7.8
806,Kis Uykusu,2014,196,Drama            ,8.1
807,Zindagi Na Milegi Dobara,2011,155,"Comedy, Drama            ",8.2
808,The Station Agent,2003,89,"Comedy, Drama            ",7.6
809,Spoorloos,1988,107,"Mystery, Thriller            ",7.7
810,"Swades: We, the People",2004,210,Drama            ,8.2
811,Les yeux sans visage,1960,90,"Drama, Horror            ",7.7
812,The Odd Couple,1968,105,Comedy            ,7.7
813,Once Were Warriors,1994,102,"Crime, Drama            ",7.9
814,Repulsion,1965,105,"Drama, Horror, Thriller            ",7.7
815,Kagemusha,1980,180,"Drama, History, War            ",8.0
816,La leggenda del pianista sull'oceano,1998,169,"Drama, Music, Romance            ",8.1
817,Hedwig and the Angry Inch,2001,95,"Comedy, Drama, Music            ",7.7
818,Höstsonaten,1978,99,"Drama, Music            ",8.2
819,Das Cabinet des Dr. Caligari,1920,76,"Fantasy, Horror, Mystery            ",8.1
820,Smultronstället,1957,91,"Drama, Romance            ",8.2
821,Night on Earth,1991,129,"Comedy, Drama            ",7.8
822,The 39 Steps,1935,86,"Crime, Mystery, Thriller            ",7.6
823,Le samouraï,1967,105,"Crime, Drama, Mystery            ",8.1
824,Drishyam,2013,160,"Crime, Drama, Thriller            ",8.3
825,Das weiße Band - Eine deutsche Kindergeschichte,2009,144,"Drama, History, Mystery            ",7.8
826,Diarios de motocicleta,2004,126,"Adventure, Biography, Drama            ",7.8
827,"I, Daniel Blake",2016,100,Drama            ,7.9
828,Forushande,2016,124,Drama            ,7.8
829,Shadow of a Doubt,1943,108,"Film-Noir, Thriller            ",7.8
830,Bin-jip,2004,88,"Crime, Drama, Romance            ",8.0
831,Stalag 17,1953,120,"Comedy, Drama, War            ",8.0
832,Trois couleurs: Blanc,1994,92,"Comedy, Drama, Romance            ",7.6
833,Sholay,1975,204,"Action, Adventure, Comedy            ",8.2
834,Le passé,2013,130,"Drama, Mystery            ",7.8
835,Kakushi-toride no san-akunin,1958,139,"Adventure, Drama            ",8.1
836,Gilda,1946,110,"Drama, Film-Noir, Romance            ",7.7
837,Du rififi chez les hommes,1955,118,"Crime, Drama, Thriller            ",8.1
838,Efter brylluppet,2006,120,Drama            ,7.7
839,Out of the Past,1947,97,"Crime, Drama, Film-Noir            ",8.0
840,Vikram Vedha,2017,147,"Action, Crime, Drama            ",8.4
841,Amarcord,1973,123,"Comedy, Drama            ",7.9
842,Scarface: The Shame of the Nation,1932,93,"Action, Crime, Drama            ",7.8
843,Mar adentro,2004,126,"Biography, Drama            ",8.0
844,Wait Until Dark,1967,108,Thriller            ,7.8
845,Lilja 4-ever,2002,109,"Crime, Drama            ",7.8
846,Tôkyô monogatari,1953,136,Drama            ,8.2
847,Arsenic and Old Lace,1942,118,"Comedy, Crime, Thriller            ",8.0
848,Shine,1996,105,"Biography, Drama, Music            ",7.7
849,Tropa de Elite,2007,115,"Action, Crime, Drama            ",8.0
850,Cape Fear,1962,106,"Drama, Thriller            ",7.7
851,Ôkami kodomo no Ame to Yuki,2012,117,"Animation, Drama, Fantasy            ",8.1
852,The Invisible Man,1933,71,"Horror, Sci-Fi            ",7.7
853,Vozvrashchenie,2003,110,Drama            ,8.0
854,Laura,1944,88,"Drama, Film-Noir, Mystery            ",8.0
855,Le salaire de la peur,1953,131,"Adventure, Drama, Thriller            ",8.1
856,Kumonosu-jo,1957,110,"Drama, History            ",8.1
857,Persepolis,2007,96,"Animation, Biography, Drama            ",8.0
858,Viskningar och rop,1972,91,Drama            ,8.1
859,Duck Soup,1933,69,"Comedy, Musical, War            ",7.8
860,Il postino,1994,108,"Biography, Comedy, Drama            ",7.7
861,The Lunchbox,2013,104,"Drama, Romance            ",7.8
862,Cowboy Bebop: Tengoku no tobira,2001,115,"Animation, Action, Crime            ",7.9
863,In a Lonely Place,1950,94,"Drama, Film-Noir, Mystery            ",8.0
864,Au revoir les enfants,1987,104,"Drama, War            ",8.0
865,Eskiya,1996,128,"Crime, Drama, Thriller            ",8.2
866,Le notti di Cabiria,1957,110,Drama            ,8.1
867,Hævnen,2010,118,"Drama, Romance            ",7.6
868,Peeping Tom,1960,101,"Drama, Horror, Thriller            ",7.7
869,Mustang,2015,97,Drama            ,7.6
870,Das Experiment,2001,120,"Drama, Thriller            ",7.7
871,Les triplettes de Belleville,2003,80,"Animation, Comedy, Drama            ",7.8
872,The Thin Man,1934,91,"Comedy, Crime, Mystery            ",8.0
873,Rang De Basanti,2006,167,"Comedy, Crime, Drama            ",8.2
874,My Name Is Khan,2010,165,Drama            ,8.0
875,Down by Law,1986,107,"Comedy, Crime, Drama            ",7.8
876,Tôkyô goddofâzâzu,2003,90,"Animation, Adventure, Comedy            ",7.9
877,Vivre sa vie: Film en douze tableaux,1962,80,Drama            ,8.0
878,Omohide poro poro,1991,118,"Animation, Drama, Romance            ",7.6
879,Brief Encounter,1945,86,"Drama, Romance            ",8.0
880,Ivanovo detstvo,1962,95,"Drama, War            ",8.1
881,The Lady Vanishes,1938,96,"Mystery, Thriller            ",7.8
882,Ace in the Hole,1951,111,"Drama, Film-Noir            ",8.1
883,Bronenosets Potemkin,1925,75,"Drama, History, Thriller            ",8.0
884,To Be or Not to Be,1942,99,"Comedy, War            ",8.2
885,Ayla: The Daughter of War,2017,125,"Biography, Drama, History            ",8.4
886,Le charme discret de la bourgeoisie,1972,102,Comedy            ,7.9
887,Vampire Hunter D: Bloodlust,2000,103,"Animation, Action, Fantasy            ",7.7
888,The Red Shoes,1948,135,"Drama, Music, Romance            ",8.1
889,The Taking of Pelham One Two Three,1974,104,"Action, Crime, Thriller            ",7.7
890,Il conformista,1970,113,Drama            ,8.0
891,Gully Boy,2019,154,"Drama, Music, Romance            ",8.0
892,The Broken Circle Breakdown,2012,111,"Drama, Music, Romance            ",7.7
893,K.G.F: Chapter 1,2018,156,"Action, Drama            ",8.2
894,Huo Yuan Jia,2006,104,"Action, Biography, Drama            ",7.6
895,Kal Ho Naa Ho,2003,186,"Comedy, Drama, Musical            ",7.9
896,Red River,1948,133,"Action, Adventure, Drama            ",7.8
897,Rupan sansei: Kariosutoro no shiro,1979,100,"Animation, Action, Adventure            ",7.7
898,Ondskan,2003,113,Drama            ,7.8
899,Crimes and Misdemeanors,1989,104,"Comedy, Drama            ",7.9
900,Lifeboat,1944,97,"Drama, War            ",7.6
901,The General,1926,67,"Action, Adventure, Comedy            ",8.1
902,Bir Zamanlar Anadolu'da,2011,157,"Crime, Drama            ",7.9
903,Jules et Jim,1962,105,"Drama, Romance            ",7.8
904,Les choristes,2004,97,"Comedy, Drama, Music            ",7.9
905,Babam ve Oglum,2005,108,"Drama, Family            ",8.3
906,Sleuth,1972,138,"Mystery, Thriller            ",8.0
907,Ba wang bie ji,1993,171,"Drama, Music, Romance            ",8.1
908,Toki o kakeru shôjo,2006,98,"Animation, Adventure, Comedy            ",7.7
909,Bajrangi Bhaijaan,2015,163,"Action, Adventure, Comedy            ",8.0
910,Les diaboliques,1955,117,"Crime, Drama, Horror            ",8.0
911,Interstate 60: Episodes of the Road,2002,116,"Adventure, Comedy, Drama            ",7.7
912,Lat sau san taam,1992,128,"Action, Crime, Thriller            ",7.8
913,No Man's Land,2001,98,"Comedy, Drama, War            ",7.9
914,Sunrise: A Song of Two Humans,1927,94,"Drama, Romance            ",8.1
915,Darbareye Elly,2009,119,"Drama, Mystery            ",8.0
916,Kind Hearts and Coronets,1949,106,"Comedy, Crime            ",8.0
917,In America,2002,105,Drama            ,7.7
918,Dà hóng denglong gaogao guà,1991,125,"Drama, History, Romance            ",8.1
919,The Lost Weekend,1945,101,"Drama, Film-Noir            ",7.9
920,Okuribito,2008,130,"Drama, Music            ",8.1
921,Joyeux Noël,2005,116,"Drama, History, Music            ",7.7
922,The Gold Rush,1925,95,"Adventure, Comedy, Drama            ",8.2
923,"Crna macka, beli macor",1998,127,"Comedy, Crime, Romance            ",8.1
924,"4 luni, 3 saptamâni si 2 zile",2007,113,Drama            ,7.9
925,Rockstar,2011,159,"Drama, Music, Romance            ",7.7
926,Hana-bi,1997,103,"Crime, Drama, Romance            ",7.8
927,Kokuhaku,2010,106,"Drama, Thriller            ",7.8
928,Lagaan: Once Upon a Time in India,2001,224,"Drama, Musical, Sport            ",8.1
929,Celda 211,2009,113,"Action, Adventure, Crime            ",7.6
930,La passion de Jeanne d'Arc,1928,110,"Biography, Drama, History            ",8.1
931,Queen,2013,146,"Adventure, Comedy, Drama            ",8.2
932,Dare mo shiranai,2004,141,Drama            ,8.1
933,Sherlock Jr.,1924,45,"Action, Comedy, Romance            ",8.2
934,Yeopgijeogin geunyeo,2001,137,"Comedy, Drama, Romance            ",8.0
935,Baahubali 2: The Conclusion,2017,167,"Action, Drama            ",8.2
936,The Purple Rose of Cairo,1985,82,"Comedy, Fantasy, Romance            ",7.7
937,El ángel exterminador,1962,95,"Drama, Fantasy            ",8.1
938,L'avventura,1960,144,"Drama, Mystery, Romance            ",7.9
939,Jungfrukällan,1960,89,Drama            ,8.1
940,Dil Chahta Hai,2001,183,"Comedy, Drama, Romance            ",8.1
941,Hiroshima mon amour,1959,90,"Drama, Romance            ",7.9
942,Dip huet seung hung,1989,111,"Action, Crime, Drama            ",7.8
943,Kahaani,2012,122,"Mystery, Thriller            ",8.1
944,Chhichhore,2019,143,"Comedy, Drama            ",8.2
945,Sweet Smell of Success,1957,96,"Drama, Film-Noir            ",8.0
946,Miracle on 34th Street,1947,96,"Comedy, Drama, Family            ",7.9
947,Udaan,2010,134,Drama            ,8.2
948,Talvar,2015,132,"Crime, Drama, Mystery            ",8.2
949,Munna Bhai M.B.B.S.,2003,156,"Comedy, Drama            ",8.1
950,Uri: The Surgical Strike,2018,138,"Action, Drama, War            ",8.2
951,Gongdong gyeongbi guyeok JSA,2000,110,"Action, Drama, Thriller            ",7.8
952,Anand,1971,122,"Drama, Musical            ",8.3
953,Nueve reinas,2000,114,"Crime, Drama, Thriller            ",7.9
954,The Magdalene Sisters,2002,114,Drama            ,7.7
955,Haider,2014,160,"Action, Crime, Drama            ",8.1
956,La Grande Illusion,1937,113,"Drama, War            ",8.1
957,Hera Pheri,2000,156,"Action, Comedy, Crime            ",8.2
958,Barfi!,2012,151,"Comedy, Drama, Romance            ",8.1
959,Dilwale Dulhania Le Jayenge,1995,189,"Drama, Romance            ",8.1
960,Central do Brasil,1998,110,Drama            ,8.0
961,The Shop Around the Corner,1940,99,"Comedy, Drama, Romance            ",8.1
962,Badhaai ho,2018,124,"Comedy, Drama            ",8.0
963,A Night at the Opera,1935,96,"Comedy, Music, Musical            ",7.9
964,Tropa de Elite 2: O Inimigo Agora é Outro,2010,115,"Action, Crime, Drama            ",8.0
965,White Heat,1949,114,"Action, Crime, Drama            ",8.1
966,Zelig,1983,79,Comedy            ,7.7
967,Love and Death,1975,85,"Comedy, War            ",7.7
968,Baby,2015,159,"Action, Thriller            ",8.0
969,Veer-Zaara,2004,192,"Drama, Family, Musical            ",7.8
970,Jab We Met,2007,138,"Comedy, Drama, Romance            ",7.9
971,Sanjuro,1962,96,"Action, Comedy, Crime            ",8.1
972,La règle du jeu,1939,110,"Comedy, Drama            ",8.0
973,Le dîner de cons,1998,80,Comedy            ,7.7
974,Knockin' on Heaven's Door,1997,87,"Action, Crime, Comedy            ",8.0
975,A Wednesday,2008,104,"Action, Crime, Drama            ",8.1
976,The Circus,1928,72,"Comedy, Romance            ",8.1
977,Special Chabbis,2013,144,"Crime, Drama, Thriller            ",8.0
978,Taegukgi hwinalrimyeo,2004,140,"Action, Drama, War            ",8.1
979,Raazi,2018,138,"Action, Drama, Thriller            ",7.8
980,Chak De! India,2007,153,"Drama, Family, Sport            ",8.2
981,C.R.A.Z.Y.,2005,129,"Comedy, Drama            ",7.9
982,Andaz Apna Apna,1994,160,"Action, Comedy, Romance            ",8.2
983,Udta Punjab,2016,148,"Action, Crime, Drama            ",7.8
984,Auf der anderen Seite,2007,122,Drama            ,7.8
985,Dev.D,2009,144,"Drama, Romance            ",8.0
986,Paan Singh Tomar,2012,135,"Action, Biography, Crime            ",8.2
987,The Muppet Christmas Carol,1992,85,"Comedy, Drama, Family            ",7.7
988,English Vinglish,2012,134,"Comedy, Drama, Family            ",7.8
989,Vizontele,2001,110,"Comedy, Drama            ",8.0
990,Airlift,2016,130,"Drama, History            ",8.0
991,G.O.R.A.,2004,127,"Adventure, Comedy, Sci-Fi            ",8.0
992,Bhaag Milkha Bhaag,2013,186,"Biography, Drama, Sport            ",8.2
993,Kai po che!,2013,130,"Drama, Sport            ",7.7
994,OMG: Oh My God!,2012,125,"Comedy, Drama, Fantasy            ",8.1
995,M.S. Dhoni: The Untold Story,2016,184,"Biography, Drama, Sport            ",7.8
996,Lage Raho Munna Bhai,2006,144,"Comedy, Drama, Romance            ",8.1
997,Vicky Donor,2012,126,"Comedy, Romance            ",7.8
998,Nefes: Vatan Sagolsun,2009,128,"Action, Drama, Thriller            ",8.0
999,Black,2005,122,Drama            ,8.2
